token_name,token_symbol,is_open_source,is_honeypot,transfer_pausable,sell_tax,buy_tax,dex_liquidity
CAPO AI CEO,CAPOAICEO,1,0.0,0.0,0.0023,0.0,0.00000000
Mancium,MANC,1,1.0,0.0,,0.0,0.00000000
Peppa Elon,PELA,1,0.0,0.0,0.0,0.0,0.01274768
NFTBlackMarket,NBM,1,1.0,0.0,,0.0,0.00000000
Simba,SIMBA,1,0.0,0.0,0.0,0.0,0.00190719
FuseCapital,FUSE,1,1.0,0.0,0.0,0.0,0.00000000
Oracle AI,ORACLEAI,1,1.0,0.0,0.0,0.0,0.37395508
John McAfee,JohnMcAfee,1,1.0,0.0,0.0,0.001,0.00282382
BAB,BAB,1,0.0,0.0,0.0,0.04,0.00038021
BabyOGGY,BabyOGGY,1,0.0,0.0,,0.0,0.00003958
KloverNetwork,KVN,1,1.0,0.0,0.0,0.0,0.31973000
&#10084;LV,&#10084;LV,0,,,0.0,0.0,0.60166592
Box Wallet,BOXW,1,1.0,0.0,0.0,0.001,0.00243593
Beast,BEAST,1,1.0,0.0,0.0,0.0,0.60261961
Spacex Floki Ceo,SXFC,1,1.0,0.0,0.0,0.005,0.00317090
Larva,LARVA,1,1.0,0.0,0.0,0.001,0.00306154
Lazy Town,LAZY,1,0.0,0.0,0.0,0.0,0.01636861
Lazy Town,LAZY,1,0.0,0.0,0.0,0.0,0.01284549
HaHa,HaHa,1,0.0,1.0,0.4506,0.06,0.26922582
Koduck,Koduck,1,0.0,0.0,0.9089,0.0,0.00318199
Affyn,FYN,1,1.0,0.0,,0.0,0.00000000
Garfield,$GARFIELD,1,1.0,0.0,,0.0,0.00165684
EL PEPE,ELPEPE,1,0.0,0.0,1.0,0.08,0.07315840
MongBNB,MONGBNB,1,1.0,0.0,0.0,0.001,0.00295679
PlanetCats,CATCOIN,1,1.0,0.0,,0.0,0.00000000
SuiNetwork  pepe,Suipepe,1,0.0,0.0,1.0,0.1,0.06402735
QMGF,QMGF,0,,,0.0,0.06,0.00000026
POGAI,POGAI,1,1.0,0.0,0.0,0.0,0.05973280
POP Coin,POP,0,,,0.0062,0.05,0.40359236
Etheria,ETH,1,1.0,0.0,0.0,0.0,0.00000000
MELO,MEL,1,0.0,0.0,0.0,0.0,0.11803599
God Refund,GODRFD,1,0.0,0.0,0.5644,0.0,0.00041228
Net Bion,NTB,0,,,0.0,0.0,0.05277561
HABIBI,HABIBI,1,1.0,0.0,0.0,0.001,0.00817632
AllianceBlockNexera,NXRA,1,1.0,0.0,,0.0,0.00000000
È¶¨Èõ≤Alibaba,È¶¨Èõ≤Alibaba,1,1.0,0.0,0.0,0.0,0.46302745
SAFU RUG,SAFURUG,1,0.0,0.0,0.0,0.0,0.00000000
MRBOB,MRBOB,1,1.0,0.0,0.0,0.001,0.00233888
SmartMoney Meta,SMAR,1,1.0,0.0,0.0,0.0,1.85631538
OPENCAMPUS,EDU,1,1.0,0.0,,0.0,0.00000000
PEPE FOOTBALL,PEPEFOOTBALL,1,0.0,0.0,0.0371,0.0,0.00000000
Cash Blox,CASH,1,1.0,0.0,0.0,0.0,0.00000000
Convergence,XET,1,1.0,0.0,,0.0,0.00000000
Sasuke,SASUKE,1,0.0,0.0,0.1702,0.02,4.77443494
Green Whale Challenge,GWC,1,1.0,0.0,0.0001,0.001,0.32139493
OSKDAO,OSKDAO,1,0.0,0.0,0.01,0.01,0.07728863
BITBOX,BITBOX,1,1.0,0.0,,0.0,0.00000000
Pesabase,PESA,1,1.0,0.0,0.0,0.0,0.04950220
NarutoPEPE,NarutoPEPE,0,,,0.0,0.0,0.32317277
ShibaDoge,SHIBDOGE,1,1.0,0.0,,0.0,0.00000000
Solcial,SANI,1,1.0,0.0,,0.0,0.00000000
Cz Inu,CZINU,1,0.0,0.0,0.8817,0.0,0.00236431
Fintra,FINT,1,1.0,0.0,0.0,0.0,0.00000000
GreenSprout,GREE,1,1.0,0.0,0.0,0.0,0.00000000
HONG KONG FLOKI,HKFLOKI,1,1.0,0.0,0.0,0.001,0.00272317
John From Mcdonalds,JOHN,1,0.0,0.0,0.0,0.0,0.01275768
PepeOriginalPunk,POP,1,1.0,0.0,0.0,0.0,0.31845000
UIV,UIV,0,,,0.0,0.06,0.00000273
Rope,ROPE,1,1.0,0.0,0.0,0.001,0.00296269
FTCDAO,FTCDAO,1,0.0,0.0,0.9943,0.01,0.00075591
JUSTANEGG,EGG,0,1.0,,,0.0,0.00000000
SAFEMARS,SMARS,1,1.0,0.0,,0.0,0.00000000
Jake Inu,JAKE,1,1.0,0.0,0.0005,0.005,0.32351976
Optimism,OP,1,1.0,0.0,0.0,0.0,0.00957690
NEVER BROKE AGAIN,NBA,1,1.0,0.0,0.0,0.001,0.00199902
Olaf Token,OT,1,1.0,0.0,0.0,0.001,0.00305110
UnifiProtocolDAO,UNFI,1,1.0,0.0,,0.0,0.00000000
Shiba Universe,SHU,1,1.0,0.0,0.0,0.0,0.00000000
Glenn Quagmire,GIGGITY,1,1.0,0.0,,0.0,0.00028263
FitBurn,CAL,1,0.0,0.0,0.0029,0.0,0.00000000
TROLLBNB,TROLLBNB,1,1.0,0.0,,0.0,0.00000000
Mr Bean G P T,BEANGPT,1,0.0,0.0,0.0,0.0,0.01434929
Box Wallet,BOXW,0,,,0.0061,0.06,0.31249043
DunkPEPE,DunkPEPE,0,,,0.0,0.0,0.00232778
SGO,SGO,1,1.0,0.0,0.0,0.0,0.60205298
MiniPepe,MiniPepe,0,,,,0.0,0.00000000
RABBIT,RBT,1,1.0,0.0,0.0,0.001,0.00398495
Walter I N U,WalterINU,1,0.0,0.0,0.0,0.0,0.33919665
TOAD,TOAD,1,1.0,0.0,0.0001,0.001,0.32091576
AUSMININGTOKEN,AUSMT,1,1.0,0.0,,0.0,0.00000000
BERT,BERT,1,1.0,0.0,0.0,0.001,0.00295971
BIBIINU,BIBIINU,1,1.0,0.0,0.6256,0.03,0.03263847
‚úùÔ∏è Jesus,‚úùÔ∏è JESUS,1,0.0,0.0,0.0,0.0,0.01877565
OmniVault,OMN,1,1.0,0.0,0.0,0.0,0.00000000
PepeNetwork,PN,1,0.0,0.0,0.9832,0.0,0.01867987
Moon Gem,MM,1,1.0,0.0,0.0,0.0,0.00000000
Binance-Peg wBETH Token,wBETH,1,1.0,0.0,0.0,0.0,0.34534227
Baby Jerry Inu,BabyJerry,1,0.0,0.0,0.0,0.1,0.00000000
PepeATH,PepeATH,1,0.0,0.0,,0.09,0.00000000
Nexon,Nexon,0,,,0.0,0.05,0.00225156
Shardeum,SHM,0,,,,0.12,0.26849062
Pepe Japan,$PepeJAPAN,1,1.0,0.0,0.0,0.0,0.02074231
AdventureGold,AGLD,1,1.0,0.0,0.0,0.0,0.03179333
Psyop Coin,PSYOP,1,1.0,0.0,0.0,0.001,0.00303810
K√§√§rij√§,KAAR,1,1.0,0.0,0.0,0.001,0.00362407
MissPiggy,PIGGY,1,1.0,0.0,0.0,0.001,0.00315825
PepeGPT,PepeGPT,1,1.0,0.0,,0.0,0.00000000
LADYS,LADYS,1,0.0,0.0,0.9866,0.1335,0.00000000
RUPIAHTOKEN,IDRT,1,1.0,0.0,,0.0,0.00000000
President Ron DeSantis,RON,1,1.0,0.0,0.0,0.0,0.05367547
BitUP,BITUP,1,1.0,0.0,,0.0,0.00000000
Send Coin,SENDIT,0,,,0.0007,0.12,0.00086586
My Heart Is Cold,COLD,1,0.0,0.0,0.0,0.0,0.08924104
Pineapple Under The Sea,PINEAPPLE,1,0.0,0.0,0.0,0.0,0.00010743
ATTACKONPEPE,AOPEPE,1,0.0,0.0,0.9852,0.08,0.62875396
Lord Farquad,FARQUAD,1,0.0,0.0,0.0,0.0,0.15683950
WaiterPEPE,WPEPE,1,1.0,0.0,0.0001,0.02,0.01199387
fantasy coin,FTY,1,0.0,0.0,,,0.07740666
LimeWire,LMWR,0,,,0.0,0.0,0.33217366
OGGYMoon,OGGYMoon,1,1.0,0.0,0.9965,0.05,0.00032967
DecentralGames,DG,1,1.0,0.0,0.0,0.0,0.31533000
The QWAN,QWAN,1,0.0,0.0,0.0,0.0,0.01994731
Simon,SIMON,1,0.0,0.0,0.0,0.0,0.02462273
Gary Ai,GARYAI,1,0.0,0.0,0.0,0.0,0.01349133
Lumina Coin,LUMINA,1,0.0,0.0,0.0,0.0,0.00019960
TamagotchiKingdom,TAKI,1,1.0,0.0,,0.0,0.00000000
Asian World,AWORLD,1,0.0,0.0,0.0,0.0,0.00000000
Finmeta,FINM,1,1.0,0.0,0.0,0.0,0.00000000
ILCAPO,CAPO,1,0.0,0.0,0.9805,0.0,0.01611243
PowerLedger,POWR,1,1.0,0.0,,0.0,0.00000000
FARO,FARO,0,,,,0.0,0.00000000
Archway,ARCH,1,1.0,0.0,0.0,0.0,0.04780206
SUPERLAUNCH,SLA,0,1.0,,,0.0,0.00000000
Candle catcher,CNDL,1,1.0,0.0,0.0007,0.005,0.52427651
AGMK,AGMK,1,1.0,0.0,0.9968,0.0461,0.00000000
EbayAi,EbayAi,1,0.0,0.0,0.0003,0.0,0.02894677
Pepe Meta Ai,PEPEMETAAI,1,0.0,0.0,0.0,0.0,0.00006366
Mr Crocker,CROCKER,1,0.0,0.0,0.0,0.0,0.01283128
MeetBrett,BLEPE,1,1.0,0.0,,0.0,0.00000000
YON,YON,0,,,,0.0,0.00000000
Aleo MESHk,AMH,1,1.0,0.0,0.0,0.0,0.32801223
PPZ ICO,PPZ,0,,,,0.0,0.00000000
BrightHedge,BRIG,1,1.0,0.0,0.0,0.0,0.00000000
Maverick Protocol,MAV,0,,,,0.0,0.00133971
Edward,EDWARD,0,,,0.6707,0.07,0.06172772
FTD,FTD,1,0.0,1.0,0.8993,0.05,0.07582159
TRUMP TOWER,TRUMPTOWER,1,0.0,0.0,0.79,0.0,0.00119258
BabyBNBPEPE,BabyBNBPEPE,1,0.0,0.0,0.9931,0.06,0.11218938
MemeMaster,MEME,1,1.0,0.0,0.0,0.0,0.00000000
Pepe Grow,$PG,1,0.0,1.0,0.0497,0.05,467.34271316
League Of Pets,GLORY,1,1.0,0.0,0.0001,0.001,0.32171211
CryptoNova,CNVA,1,1.0,0.0,0.0,0.0,0.00000000
Lisprocoin,Lsp 20,1,1.0,0.0,0.0,0.001,0.00220905
Wistaverse,WISTA,1,1.0,0.0,,0.0,3.15051300
Tickle,TICKL,1,0.0,0.0,0.0,0.0,0.01382412
Pepe Superman,SUPERPEPE,1,0.0,0.0,0.0,0.0,0.00008184
PEPE2.0,PEPE2.0,1,0.0,0.0,,0.0,0.00000000
Pepe CEO,PEPECEO,1,1.0,0.0,0.0,0.0,0.70686056
Fuck,Fuck,1,0.0,0.0,0.0,0.0,0.00741999
Shiba Kingdom,SHK,1,1.0,0.0,0.0,0.0,0.00000000
ProsperityToken,PRPT,1,1.0,0.0,,0.0,0.00000000
HuDex,HU,0,,,0.0061,0.08,0.22203996
DVF,DVF,1,0.0,0.0,0.0,0.0,0.04359530
KONG AI,KONGAI,1,0.0,0.0,0.6926,0.0,0.00071779
Harry From Target,HARRY,1,0.0,0.0,0.0,0.0,0.01646779
TUZKI,TUZKI,1,1.0,0.0,0.0,0.001,0.00209749
Metazen,META,0,1.0,,0.0,0.0,0.00000000
CatxDog,CATDOG,1,0.0,0.0,0.0425,0.05,613.64947774
LawBlocks,LBT,1,1.0,0.0,0.0,0.0,0.31453000
Chef,Chef,1,0.0,0.0,0.9956,0.17,0.04378732
BOB Original Version,BOV,1,0.0,0.0,0.0496,0.05,331.12027287
World,WORLD,1,1.0,0.0,0.0,0.0,0.36407958
TWEETY,TWEETY,1,1.0,0.0,0.0,0.001,0.00334872
TAPDAO,TAPDAO,0,,,0.0,0.002,0.04699248
Custodiy,CTY,1,,,0.0,0.0,0.00000000
PEPELADY,PEPELADY,1,1.0,,,1.0,0.00015458
WealthWave,WEAL,1,1.0,0.0,0.0,0.0,0.00000000
BOY,BOY,1,1.0,0.0,0.0,0.0,0.00000274
Sweet Home Alabama,SHA,1,0.0,1.0,0.0016,0.1,0.01422756
Vita Inu,VINU,0,,,0.0,0.0,0.31559415
Hyve,RBW,1,1.0,0.0,,0.0,0.00000000
Wrapped Ordichains,WOICH,1,1.0,0.0,0.0,0.0,0.28558368
Pepe Smart Chain,PSC,0,,,0.0,0.0,0.50859030
KryptonDAO,KRD,1,1.0,0.0,,0.0,0.00000000
QWAN,QWAN,1,0.0,0.0,0.0012,0.04,0.29500337
Budget Bridgeway,BUDGET,1,1.0,0.0,0.0,0.0,0.00000000
UEFA COIN,UEFA,0,,,0.4728,0.0,0.00108782
Alterna Network,ALTN,0,,,1.0,0.32,0.05506374
AL,AL,1,0.0,0.0,0.9969,0.0456,0.00000000
Fexanium,FXM,1,1.0,0.0,0.0,0.001,0.00241125
Pepe Frog,PEPE FROG,1,0.0,0.0,0.0,0.0,0.01447204
Woofie,WOOFIE,1,1.0,0.0,0.0,0.0,0.04225256
SpinadaCash,SPIN,1,1.0,0.0,,0.0,0.00000000
Brain AI,BRAIN AI,1,0.0,0.0,0.0,0.0,0.01670508
Embras,EMB,1,1.0,0.0,0.0,0.0,0.00000000
ZkApe,ZkApe,1,1.0,0.0,0.0,0.0,0.82863993
Wanda,WANDA,1,0.0,0.0,0.0,0.0,0.00060387
PEPE,PEPE,1,0.0,1.0,0.1753,0.0,0.32873044
OreoFi,OREO,1,1.0,0.0,,0.0,0.00000000
Len,LEONARD,1,0.0,0.0,0.0,0.0,0.00000000
Lola,LOLA,1,0.0,0.0,0.0,0.0,0.00011982
babyPOV,babyPOV,1,0.0,0.0,0.9999,0.01,0.21361870
Hero PEPE,HPEPE,1,0.0,0.0,0.0,0.0,0.00031303
PieShareToken,PIE,1,1.0,0.0,,0.0,0.00000000
Ben,BEN,1,1.0,0.0,0.0,0.001,0.00487734
HareSwap,HARESWAP,1,1.0,0.0,,0.0,0.00000000
Useless,Useless,1,1.0,0.0,,0.0,0.00000000
MCY,MCY,1,0.0,0.0,0.0,0.04,0.00000000
Tomcat Inu,TOMC,1,0.0,0.0,0.0,0.0,0.00000000
BSK,BSK,1,0.0,0.0,0.0,0.0,0.03849383
Neopro,NEO,1,1.0,0.0,0.0,0.0,0.00000000
The Bebe,BEBE,1,1.0,,0.0,0.0,0.42242476
Green Whale Challenge,GWC,1,1.0,0.0,0.0,0.001,0.00273839
Papa Elon,PAPA ELON,1,0.0,0.0,0.0,0.0,0.04618684
HermesProtocol,HERMES,1,1.0,0.0,,0.0,0.00000000
Caroline,CARO,1,0.0,0.0,0.0,0.0,0.01634304
PSYOP.BET,PSY,1,1.0,0.0,0.0,0.0,0.12514259
PEPEWOJAK,PEPEWO,1,0.0,0.0,0.0523,0.0,12553.13706484
Space Oggy Inu,SOGGY,1,0.0,0.0,0.0063,0.1,0.17226891
Balderunder,BDUR,1,0.0,1.0,0.0,0.0,0.40089483
Arthrocoin,ATKT,1,1.0,0.0,,0.0,0.00000000
PETROPEPE,PETROPEPE,1,0.0,0.0,0.0395,0.0,83.66861690
CrazyPEPEx,CrazyPEPEx,0,,,0.0,0.0,0.00439846
TEETEE,TETE,1,1.0,0.0,0.0,0.001,0.00318073
PPX,PPX,0,,,,0.0,0.00000000
Enzyme,MLN,1,1.0,0.0,,0.0,0.00000000
MafiaCat,PELICANXRP,1,1.0,0.0,0.0,0.0,0.31816000
Crypto Rangers,CR,1,1.0,0.0,0.0,0.001,0.00231971
Trump Army,TRUMPARMY,1,1.0,0.0,0.0,0.0,1.77144240
Zombie pepe,ZPEPE,1,0.0,0.0,,0.05,0.00000000
Dopium,DOPIUM,1,1.0,0.0,0.0,0.001,0.00337347
Wombex WOM,WMXWOM,0,,,0.0,0.0,0.00000000
ILCAPO AI,CAPOAI,1,0.0,0.0,0.0,0.1,0.00009093
ChitCAT INU ,CHITKAT INU,1,0.0,0.0,0.7215,0.0,0.00082031
RefundBNB,RFDBNB,1,0.0,0.0,0.0,0.0,0.00000000
EV Solutions,EVSOL,1,0.0,0.0,0.05,0.0,9207.50780391
Werenode,BWRC,1,1.0,0.0,,0.0,0.00000000
RoyallCoin,RC,1,1.0,0.0,,0.0,0.00000000
Elon Pixel,ELONPIXEL,1,0.0,0.0,0.6942,0.0,0.00069649
 TAIRYA INU ,$TAIRYA,1,0.0,0.0,0.0,0.0098,0.00000000
HONG KONG,HONGKONG,1,0.0,0.0,0.0023,0.0,0.00000000
PortfolioPilot,PORT,0,1.0,,0.0,0.0,0.00000000
CakeChain,CAKECHAIN,1,0.0,0.0,0.9968,0.0,0.10330986
Phineas And Ferb,FERB,1,0.0,0.0,0.0,0.0,0.01278288
ZombieInu,ZINU,1,1.0,0.0,,0.0,0.00000000
PSYOP CEO,PSYOPCEO,1,0.0,0.0,0.0,0.0,0.09594172
ChecksToken,CHECKS,1,1.0,0.0,,0.0,0.00000000
Garfield,GARFIELD,0,,,0.0,0.0,0.12723956
Land Wolf,WOLF,1,1.0,0.0,0.0,0.0,0.02591735
Milady,LADYS,1,1.0,0.0,0.0,0.0,105.76950788
GBT Coin,GBT,1,1.0,0.0,0.0082,0.05,0.56164166
PLANET,PLANET,1,1.0,0.0,0.0,0.001,0.00425853
Theodore G P T,THEODOREAI,1,0.0,0.0,0.0,0.0,0.20094472
Baby Footprinter,BFP,1,0.0,0.0,0.0,0.0,0.00224877
ElevationFuel,EVF,1,1.0,0.0,,0.0,0.00000000
cBAT,CBAT,1,1.0,0.0,,0.0,0.00000000
HACHI „Éè„ÉÅÂÖ¨,HACHI,1,1.0,0.0,0.0,0.001,0.00241079
PokemonGO,PokemonGO,1,1.0,0.0,0.0,0.0,0.01339246
GLHF,GLHF,1,0.0,1.0,0.0,0.0,0.00000000
Zeeva,ZEE,1,1.0,0.0,0.0,0.0,0.00000000
ParallelFinance,PARA,1,1.0,0.0,,0.0,0.00000000
Elon Musky,MUSKY,1,0.0,0.0,0.0,0.0,11806.83988322
Wojak Inu,WOJAKI,1,0.0,0.0,0.0,0.0,0.01543768
SmartMarketCoin,SMA,1,1.0,0.0,0.0,0.0,1.00558029
Uplift,UPL,1,1.0,0.0,0.0,0.0,0.00000000
Black Rock,BLACKROCK,1,0.0,0.0,0.9021,0.0,0.00282946
Gambling PEPE,$GPEPE,1,0.0,0.0,0.0,0.0,0.42580293
TemDAO,TEM,1,1.0,0.0,,0.0,0.00000000
91Porn,91Porn,1,1.0,0.0,0.0,0.0,0.67924894
Vinci,VINCI,1,,,0.0003,0.03,0.02770882
CaptainAmerica,CAPT,1,1.0,0.0,0.0,0.001,0.00326709
Amp,AMP,1,1.0,0.0,,0.0,0.00000000
Japan Pepe,$JPEPE,1,0.0,0.0,0.5993,0.0,0.00047765
NKA,NKA,0,,,,,2.16246477
Bob Marley,BOBM,1,0.0,0.0,,0.08,0.00361515
GEH Meme,GEH,1,1.0,0.0,0.0,0.001,0.00261549
miniDOGEinu,MINIDOGEINU,1,1.0,0.0,,0.0,0.00000000
StanCoin,STAN,1,1.0,0.0,0.0004,0.001,1.91230879
SmartPEPE,SmartPEPE,0,,,0.0,0.0,0.00372666
EYED,EYED,1,0.0,0.0,0.0,0.0,6057.07784505
GFG,GFG,1,0.0,0.0,0.0,0.0,0.15579306
Financial Connect,FNCT,1,1.0,0.0,0.0,0.0,0.00000000
Fintale,FINT,1,1.0,0.0,0.0,0.0,0.00000000
RAGGINGPEPE,RPEPE,1,0.0,0.0,0.0,0.0,2950.57018204
Maggie Simpson,MAGGIE,1,0.0,0.0,0.0,0.0,0.00050543
Nefertiti,NEF,1,1.0,0.0,0.0,0.0,0.31744000
Smudge Lord ,SMUDGE,1,0.0,0.0,0.0,0.0,0.00000000
Gary,GARY,1,0.0,0.0,0.0,0.0,0.01320148
Utility Net Coin,UNC,1,0.0,0.0,0.0,0.0,71522.54076155
Áà±Êàë‰∏≠Âçé‰πãÔºöÂ§©Ê¥•,TIANJIN,0,,,0.0,0.0,
PEPE SWAP,PEPESWAP,1,0.0,0.0,0.9513,0.0,0.00621608
XBN,Extendbit Network,1,0.0,1.0,0.9411,0.09,0.36889165
Arcona,BBANK,1,1.0,0.0,,0.0,0.00000000
Altea Pro,ALT,1,1.0,0.0,0.0,0.0,0.00000000
FOSA,FOSA,0,,,,0.0,0.00000000
IPP-DAO,IPP-DAO,1,0.0,1.0,0.1894,0.03,5.23264017
Apeped,APED,1,1.0,0.0,,0.0,0.00000000
EA Finance,EAFINANCE,1,0.0,0.0,,0.09,0.00000000
HongKongDog,HKD,1,1.0,0.0,0.0,0.0,0.00048484
ChitCAT Uni,CHITCATUNI,1,0.0,0.0,0.0026,0.0,0.00000000
Pepe Superman,SUPERPEPE,1,0.0,0.0,0.0,0.0,0.09605040
Realign Trade,REALIGN,1,1.0,0.0,0.0,0.0,0.00000000
PEVO2,PEVO2,1,0.0,0.0,,,0.00000000
PEPEFLOKI,PEPEF,1,1.0,0.0,0.0,0.001,0.00330705
Amd,AMD,1,0.0,0.0,0.0,0.0,0.01334642
WAGMI,WAGMI,1,1.0,0.0,0.0,0.001,0.00240756
POOH,POOH,1,1.0,0.0,0.0,0.005,0.00408589
‰ºó‰∫ëÂõΩÈôÖ,ZYGJ,0,,,,,
MOSES COIN,MOSESCOIN,0,,,0.0021,0.05,0.12444236
QuantumTech,QTCH,1,1.0,0.0,0.0,0.0,0.00000000
President Pepe,PPE,1,1.0,,0.0,0.0,0.04631107
Maxx,$MAXX,1,1.0,0.0,0.0,0.0,0.04160991
Moweed,MOWE,1,1.0,0.0,0.0,0.0,0.31910000
Mexc Inu,MEXCINU,1,0.0,0.0,0.0027,0.0,0.00000000
Tesla Cars,TECAR,1,0.0,0.0,0.9927,0.0,0.04367512
Pepemafia,Pepemafia,1,1.0,0.0,0.0,0.001,0.00158966
YYPS,YYPS,1,1.0,0.0,0.0219,0.01,0.18544046
FOAS,FOAS,0,,,,,0.31944000
PEPENOMY,PEPENOMY,1,1.0,0.0,,0.0,0.00000000
HJDOGE,HJDOGE,1,0.0,1.0,0.1509,0.15,1164.41245669
IKUN,IKUN,1,1.0,0.0,0.0,0.001,0.01377462
UTCLAKE Coin,UCN,1,1.0,0.0,0.0,0.0,0.04733944
LarryCoin,LARRY,1,1.0,0.0,0.0,0.001,0.00254594
UnleashClub,UNLEASH,1,1.0,0.0,0.0,0.0,0.70341995
BERR,BERR,0,,,,0.0,0.00000000
HODLMeme,HODL,1,1.0,0.0,0.0,0.0,0.00000000
Laughter,HAHA,1,0.0,0.0,0.0,0.0,0.01272448
GOLDEN PEPE,GPEPE,1,1.0,0.0,0.0,0.0,0.42487570
Dice & Beans,DNB,1,1.0,0.0,0.0,0.001,0.00369621
LMNO,LMNO,0,,,,0.0,0.00000000
Siren,CROID,1,1.0,0.0,,0.0,0.00000000
 Saudi INU Pepe, SAUDIPEPEINU,1,0.0,0.0,0.0,0.0,0.00163392
THEBEECONSERVANCYTOKEN,TBCT,1,1.0,0.0,0.0,0.0,0.00000002
Pepe Network,PN,1,1.0,0.0,0.0,0.0,0.16843040
BIBI,BIBI,1,0.0,0.0,0.0019,0.1,0.01128282
BotrixAI,BTIX,1,1.0,0.0,,0.0,0.00000000
Exterr,EXT,0,1.0,,0.0,0.0,0.00000000
GEM AI,GEMAI,1,1.0,0.0,0.0,0.0,0.22140216
Dubai Cat,DubaiCat,1,1.0,0.0,0.0,0.001,0.00232630
PEPER,PEPER,1,1.0,0.0,,0.0,0.00000000
Doge Original Version,$DOV,1,1.0,0.0,0.0,0.0,0.04840819
Musk On Mars,MOM,1,0.0,0.0,0.0027,0.02,0.48210942
Send it 1000x,$SEND,1,1.0,0.0,0.0053,0.05,0.34175288
CellsToken,CELLS ,1,0.0,0.0,0.0,0.0,0.24842712
Little Pepa Inu,LPEPA,1,1.0,0.0,0.0,0.0,0.34898608
Flow,FLOW,1,1.0,0.0,,0.0,0.00000000
LANDARNO,LANDARNO,1,1.0,0.0,0.0,0.0,0.00000005
Lambo,$LAMBO,1,0.0,1.0,1.0,0.1,0.06254117
Sui Network,SUI,1,0.0,0.0,,0.0,1.71161838
Omniverse,OMN,1,1.0,0.0,0.0,0.0,0.00000000
SPONGE,SPONGE,1,1.0,0.0,0.0,0.001,0.00391999
ZOYP,ZOYP,0,,,,0.0,0.00000000
JERRYINU,JERRYINU,1,0.0,0.0,0.0,0.0,50089.51609445
Katana Inu,KATA,1,1.0,0.0,0.0,0.001,0.00314444
Big PEPE EnergY,BPE,1,0.0,1.0,1.0,0.03,0.03536433
God Papi,GODPAPI,1,0.0,0.0,0.5042,0.0,0.00032281
Catalyst Bridge Financials,CATA,0,1.0,,0.0,0.0,0.00000000
OriginProtocol,OGN,1,1.0,0.0,,0.0,0.00000000
Doodles,DOODLES,1,0.0,0.0,0.0,0.0,0.01277208
BLACK PEPE,BPEP,1,0.0,0.0,0.0684,0.07,16.63878510
Finium,FINI,1,1.0,0.0,0.0,0.0,0.00000000
Pico,PIC,1,1.0,0.0,0.0,0.0,0.00000000
Badboy Pepe,BADBOYPEPE,1,0.0,0.0,0.0,0.0,0.00000000
MRF,MRF,1,0.0,0.0,1.0,0.1,0.05131409
Snicker,SNICK,1,0.0,0.0,0.0,0.0,0.01913276
QuantumXC,QXC ,1,0.0,0.0,0.0,0.0,275.30475725
Gold Trump,GOLDTRUMP,1,0.0,0.0,0.0024,0.0,0.00000000
Fuck Skyler White,FUCKSKYLER,1,0.0,0.0,0.0,0.0,0.01277208
Peppa Pig Inu,PEPPAI,1,0.0,0.0,0.0,0.0,0.00000000
PancakeKing,Pcake,1,1.0,0.0,,0.0,0.00000000
Archos,ARC,1,1.0,0.0,0.0,0.0,0.00000000
PEPE Network Tech,PENTC,1,1.0,0.0,0.0,0.0,0.79371027
JDT,JDT,1,0.0,0.0,0.0,0.0,0.04622648
Lady Gaga,LADYGAGA,1,0.0,0.0,0.693,0.0,0.00071772
Finium,FINI,1,1.0,0.0,0.0,0.0,0.00000000
WK,WK,1,0.0,1.0,,0.0,
BNB DADDY,BNB DADDY,1,1.0,0.0,0.0,0.001,0.00280840
What Do You Meme,WDYM,1,0.0,0.0,0.08,0.05,109178.90492142
MAX TOKEN,MAX,1,0.0,0.0,0.9781,0.09,0.40119509
ÁãõÁä¨üü¢,KomainiuX,1,0.0,0.0,1.0,0.03,0.38793250
Fun Coupons,$FUNC,1,1.0,0.0,0.0,0.0,0.14290502
RavenX,RX,1,1.0,0.0,,0.0,0.00000000
Bank of Saudi,SAUDIBANK,1,1.0,0.0,0.0,0.0,0.00000000
Diamond Dog,Diamond Dog,1,0.0,0.0,0.9986,0.1,2.87222165
APENFT,NFT,1,1.0,0.0,,0.0,0.00000000
FLOKI CHAIN,FLOKICHAIN,1,0.0,0.0,0.0,0.0,0.00000000
SpaceFloki,SPAKI,1,1.0,0.0,,0.0,0.00000000
Nyan Cat,NYAN,1,0.0,0.0,0.0,0.0,0.01662177
Aurus,AX,1,1.0,0.0,,0.0,0.00000000
JonesDAO,JONES,1,1.0,0.0,,0.0,0.00000000
BABY PEPE,BPEPE,1,0.0,1.0,0.0218,0.12,0.54710773
PointeFinance,POIN,1,1.0,0.0,0.0,0.0,0.00000000
MoonMeme,MOON,1,1.0,0.0,,0.0,0.02851693
Crescite,CRE,1,1.0,0.0,0.0,0.0,0.00000003
CryptoSphere,CSPHR,1,1.0,0.0,0.0,0.0,0.03153411
LineaMerkle,LIME,1,0.0,0.0,0.0,0.0,0.04453415
Degens,DEGENS,1,1.0,0.0,,0.0,0.00000000
LINDA,LINDA,1,1.0,0.0,0.0,0.0,0.05038261
YAKU,YAKU,1,1.0,0.0,0.0,0.001,0.00143546
LOLK,LOLK,0,,,,0.0,0.00000000
LEPEPE,LEPEPE,1,0.0,0.0,0.9187,0.02,0.40276712
Princess Peach,PEACH,1,0.0,0.0,0.0,0.0,0.01275928
JournArt,JART,0,,,,0.0,0.09785093
HZ,HZ,1,0.0,1.0,0.4485,0.03,0.00111678
Biaocoin,BIAO,1,1.0,0.0,0.0,0.001,0.00295252
ApeInu,APE,1,1.0,0.0,,0.0,0.00000000
For Teh Culture,FTC,1,1.0,0.0,0.0,0.001,0.00231834
WDZD,WDZD,0,,,0.0007,0.06,0.09959174
CFTBET,CFT,1,1.0,0.0,0.0,0.001,0.00432479
FOE,FOE,1,0.0,0.0,0.0,0.02,0.00122498
 AI BabyDoge,AIBabyDoge,1,1.0,0.0,0.0087,0.02,2.31253448
Stan Token,STAN!,1,1.0,0.0,0.0,0.0,0.02635459
CoTrangBeoTN,TRANGBEO,1,0.0,0.0,,,
TigerCeo,TigerCeo,1,0.0,0.0,,0.09,0.00000000
Happy Pepe,HAPPYPEPE,1,0.0,0.0,0.0026,0.0,0.00000000
Mama Elon,MAMA ELON,1,0.0,0.0,0.0,0.0,0.01281928
PEPE AI,PEPEAI,1,0.0,0.0,0.9989,0.09,0.54533626
Perion,FLUT,1,1.0,0.0,,0.0,0.00000000
FrogZilla,$FrogZilla,1,1.0,0.0,0.0,0.03,0.00033499
LunAI,LUNAI,1,1.0,0.0,,0.0,0.00000000
GKL,GKL,1,0.0,0.0,0.0,0.0,0.09113025
AiBabyShiba,AIBBS,1,1.0,0.0,0.0,0.0,1.81338317
Chainback,ARCHIVE,1,1.0,0.0,0.0,0.0,0.05044485
BYY COIN,BYY,0,,,,0.0,0.00000000
Esco Coin,ESCO,1,1.0,0.0,0.0,0.0,0.03957577
PepePepaPepitoPepitaPepetaPepeto Inu,WAGMI,1,1.0,0.0,0.7495,0.0,0.31945798
iVipCoin,IVIP,0,,,0.9447,0.1,0.59999053
SEKABIK,SKBI,1,0.0,1.0,0.0,0.0,1.02668509
Prez Pepe,PREZ,1,1.0,0.0,0.0,0.0,0.04816485
TomCatCoin,TCT,1,1.0,0.0,,0.0,0.00000000
Baby Stewie Griffin,BABYSTEWIE,1,0.0,0.0,0.0031,0.1,0.08287627
babypepe,babypepe,1,1.0,0.0,0.0011,0.02,0.18277695
SAMO,SAMO,1,1.0,0.0,0.0,0.0,2.64659762
Itchy Scratchy Inu,ISI,1,1.0,0.0,0.0,0.001,0.00220094
The Trump,TRUMP,1,1.0,,0.0,0.0,0.04652715
Hasbulla,HASBULLA,0,,,0.0,0.05,0.00000000
Pepelon,PEPELON,1,0.0,0.0,0.0,0.0,0.01277208
TNUT,TNUTÈÖíÂà∏,1,0.0,0.0,0.0,0.0,0.05197773
Pepe Hulk,PepeHulk,1,0.0,0.0,0.0021,0.0,0.00000000
BorutoPEPE,BorutoPEPE,0,,,0.0,0.0,0.02532755
Garfield,Garfield,1,1.0,0.0,0.0,0.005,0.00230232
BitcoinLFG,BTCLFG,1,0.0,0.0,,0.1,0.00038146
The Sex Metaverse,S3X,1,0.0,0.0,0.0,0.0,0.00119413
Maggie Simpson,MAGGIE,1,0.0,0.0,0.0,0.0,0.01985114
Diamond Hands,üíéüôå,1,0.0,1.0,,0.0,0.51479194
Metasense,MET,1,1.0,0.0,0.0,0.0,0.00000000
World Pay Token,WPAY,1,1.0,0.0,0.0,0.001,0.00377672
DexTools,DEXT,1,1.0,0.0,,0.0,0.00000000
RageOnWheels,ROW,1,1.0,0.0,,0.0,0.00000000
Ertha,ERTHA,1,1.0,0.0,,0.0,0.00000000
RSC COIN,RSC,1,1.0,0.0,0.0,0.001,0.00295407
HKDH,HKDH,1,0.0,0.0,1.0,0.02,0.07628157
MagicInternetMoney,MIM,1,1.0,0.0,,0.0,0.00000000
Pepe Icon,PEPE ICON,1,0.0,0.0,0.0,0.0,0.02335544
We Need More Balenciaga,BALENCIAGA,1,0.0,0.0,0.0,0.0,0.01765678
Roselle2,Roselle2,1,0.0,0.0,0.9997,0.0137,0.00000000
Musk AI,MUSKAI,1,0.0,0.0,0.0,0.0,0.00012406
PEPITI,PEPITI,1,0.0,1.0,0.6447,0.08,0.39463829
Simba,SIMBA,1,0.0,0.0,0.0,0.0,0.01355550
Binance Pizza,BNBPIZZA,1,0.0,0.0,0.5666,0.0,0.00041359
COLLIE INU,COLLIE,1,1.0,0.0,0.0,0.005,0.00305621
Malon Dex,MADX,0,,,0.0,0.0,0.09510456
STA,STA,1,0.0,0.0,0.0297,0.0,879.10385950
GANDALF POWER,GANDALFPOWER,1,0.0,0.0,0.8888,0.0,0.00254149
NinjaPEPE,NinjaPEPE,0,,,0.0,0.0,0.00174605
Swift Coinz,SWIFT,1,1.0,0.0,0.0,0.0,0.00000000
SPORE,SPORE,1,0.0,0.0,0.0,0.0,0.10400924
BNBSHIB,BNBSHIB,1,0.0,0.0,0.0,0.0,0.10613961
Bifrost,BFC,1,1.0,0.0,0.0,0.0,0.00000002
Elon Musk PEPE,ELONMUSKPEPE,1,0.0,0.0,0.9378,0.0,0.00479469
CCDS,CCDS,1,1.0,0.0,0.4756,0.01,0.47150822
$QATAR,$QATAR,1,0.0,0.0,0.0,0.0,0.00000000
BNBscription,BS,1,0.0,0.0,0.0,0.0,0.00000000
Envision,ENV,1,1.0,0.0,0.0,0.0,0.00000000
Wistaverse,WISTA,1,0.0,0.0,0.0,0.0,0.01532399
Shiba Elite,SBE,1,1.0,0.0,0.0,0.0,0.00000000
Dogelon AI,DOGELON,1,1.0,,0.0,0.0,0.06405280
ZOR COIN,ZOR,0,,,,0.0,0.22874735
L,$L,1,1.0,0.0,0.0,0.0,0.11226984
HRH,HRH,1,0.0,0.0,0.0,0.0,0.22004238
HABIBI,HABIBI,1,1.0,0.0,0.0,0.001,0.00455244
PEPUMP INU,PEPUMP,1,0.0,0.0,0.0118,0.0,0.00038222
TOH,TOH,0,,,,0.0,0.54899432
TABBY CAT,TABBY,0,,,0.0024,0.06,0.11710517
Shrooms AI,SHROOMS,0,,,,0.0,0.00000000
GEND,GEND,0,,,,0.0,0.00000000
ladybob,LADYBOB,1,1.0,0.0,,0.0,0.00000000
HoppyInu,HOPPYINU,1,1.0,0.0,,0.0,0.00000000
Tokenlon,LON,1,1.0,0.0,0.0,0.0,0.00475025
Richie Rich v2,$Richie,1,0.0,0.0,0.0059,0.0,0.04430468
Pepelon,PEPELON,1,0.0,0.0,0.0,0.0,0.01280408
Baby Pepe Token,bPEPE,0,,,,0.0,0.19831362
BabyDogeArmy,BabyDoge,1,1.0,0.0,0.0,0.005,0.00232120
DOGE CEO,DOGECEO,1,0.0,0.0,0.0,0.0,0.00000000
ShibaInu,SHIB,1,1.0,0.0,,0.0,0.00000000
Alien Pepe,ALIPE,1,1.0,0.0,0.0,0.0,0.12957615
MAGIC SQUARE,MSQUA,1,,,0.0056,0.03,0.69107086
SCOOBY,SCOOBY,1,1.0,0.0,0.0,0.001,0.00359366
RocketPoolETH,RETH,1,1.0,0.0,,0.0,0.00000000
Iconspace,ICO,1,1.0,0.0,0.0,0.0,0.00000000
SHKEL,SHKEL,1,0.0,0.0,0.0,0.0,0.12361594
PepeXL,PEPEXL,1,0.0,0.0,0.7534,0.0,0.00097191
RoyalBinaCoin,RBC,0,1.0,,0.0,0.0,0.00030474
SIMPSON CEO ,SIMPSONCEO,1,0.0,0.0,0.0024,0.0,0.00000000
OpenAI 5,OpenAI5,1,1.0,0.0,0.0,0.0,0.00000000
Pick Or Rick,RICK,1,1.0,0.0,0.0,0.0,0.87451947
Dungeon,DUNGEON,1,1.0,0.0,,,0.00000000
44 Network,44,1,0.0,0.0,0.8558,0.1,0.45892396
china,china,1,0.0,0.0,0.0,0.0,0.13614869
StoneGate,STON,1,1.0,0.0,0.0,0.0,0.00000000
Pandora,PANDORA,1,0.0,0.0,0.0,0.0,0.01294044
Simon,SIMON,1,0.0,0.0,0.0,0.0,0.10587840
SavePlanet,SP,1,1.0,0.0,,0.0,0.00000000
CZ CEO,CZCEO,1,0.0,1.0,0.0,0.0,0.00022733
ECOIN,ECOIN,0,,,,0.0,0.00000000
K√§√§rij√§,KAAR,1,1.0,0.0,0.0,0.001,0.00233063
GPT,GPT,0,,,0.0,0.06,0.00001662
Acala,ACA,1,1.0,0.0,,0.0,0.00000000
Wanda,WANDA,1,0.0,0.0,0.0,0.0,0.01808166
Spongebob Squarepants,SPONGE,1,0.0,0.0,0.0,0.0,0.01278128
Mr Krabs,KRABS,1,0.0,0.0,0.0,0.0,0.00000000
Simpson,Homer,1,1.0,0.0,0.0,0.001,0.00360503
Droopy Inu,DROOPY,1,0.0,0.0,,0.1,0.00000000
Diamon,DIA,1,1.0,0.0,0.0,0.0,0.00000000
Metapsi,MET,1,1.0,0.0,0.0,0.0,0.00000000
Aurory,AURY,1,1.0,0.0,,0.0,0.00000000
BTCC,BTCC,1,0.0,0.0,0.156,0.025,1.94874343
Merriam,MERR,1,1.0,0.0,0.0,0.0,0.00000000
POOADSPROMOTIONS,POOADS,1,1.0,0.0,,0.0,0.00000000
CatKing,CKING,1,1.0,0.0,0.0,0.001,0.00243723
CyberVerse,CYVRS,0,1.0,,0.0,0.0,0.00000000
$MONG,$MONG,0,,,,0.0,0.00000000
GENTLEMEN,GENT,1,1.0,0.0,0.0,0.0,0.02554362
Powerpuff Girls,PUFF,1,0.0,0.0,0.0,0.0,0.03181899
PEPE OPTIMUS,PEPO,1,0.0,0.0,0.9842,0.0,0.02002464
Jared From Subway,JARED,1,1.0,0.0,0.0,0.001,0.00297852
COA TOKEN,COA,1,0.0,1.0,0.0,0.0,0.00000000
Ait,TT9,1,0.0,0.0,0.5572,0.04,0.27463436
King Bean,KINGB,1,1.0,0.0,0.0,0.0,1.03858977
Bank Reboot,BANK,1,1.0,0.0,0.0,0.0,0.00000000
EYE,EYE,1,1.0,0.0,0.0,0.0,0.05957016
Zignaly,ZIG,1,1.0,0.0,,0.0,0.00000000
HongKong Doge,HKDOGE,1,1.0,0.0,0.0,0.0,3.71163214
Bobble Network,BOBBLE,1,1.0,0.0,0.0,0.0,0.00038523
OPEPES,OPEPES,1,0.0,0.0,0.8599,0.02,0.20501376
NexusFunds,NEXU,1,1.0,0.0,0.0,0.0,0.00000000
Pepe Convention,PEPECON,1,0.0,0.0,0.0,0.0,0.55058187
Crab,CRAB,1,0.0,0.0,0.0,0.0,0.01297577
LABS Group V2,LABS,1,0.0,0.0,0.0,0.0001,4172.72506173
Meta Pepe,METAPEPE,1,0.0,0.0,,0.0,0.00000000
Lottery,LOTTO,1,1.0,0.0,,0.0,0.01844384
PEPEPAD,PEPEPAD,1,1.0,0.0,0.0039,0.05,0.23881929
PSYOP,PSYOP,1,1.0,0.0,0.0,0.001,0.00456594
Satellite Communications,SATCOM,1,0.0,0.0,0.0,0.0,0.00063836
One Token,1,1,1.0,0.0,,,0.00000000
Financial Connect,FNCT,1,1.0,0.0,0.0,0.0,0.00000000
Baby Pepe,Baby Pepe,1,1.0,0.0,,0.0,4.03353734
Ripple SBI Group,SBIG,1,1.0,0.0,0.0,0.0,0.25132139
ZombiePepe,ZPEPE,1,1.0,0.0,0.0,0.001,0.00169526
Nyan Meme Coin,NyanCAT,1,1.0,0.0,0.0,0.0,1.72004876
Japan Sushi,JAPANSUSHI,1,0.0,0.0,0.5735,0.0,0.00042694
Caroline,CARO,1,0.0,0.0,0.0,0.0,0.03016697
SAUDI PEPE,SAUDIPEPE,1,0.0,0.0,0.9601,0.0,0.00763756
WABTC,WABTC,1,1.0,0.0,0.997,0.0099,0.00000000
FunnyCoin,FUC,1,1.0,0.0,,0.0,0.00000000
Sekuya,SKUY,1,1.0,0.0,0.0003,0.0,0.00001001
Pixel Inu,PI,1,0.0,1.0,0.0008,0.06,0.04002116
Poshi BSC,POSHI,0,,,0.0,0.0,0.00025689
MEWTWO,MT,1,1.0,0.0,1.0,0.04,0.00000000
SKF,SKF,1,0.0,0.0,0.0,0.0,0.07279115
GUCCI PEPE,GUCCIPEPE,1,0.0,0.0,0.0,0.0,0.00000000
President Linda,PresidentLINDA,1,1.0,0.0,0.0017,0.07,0.06922304
Pepe Football Club,PFC,1,0.0,0.0,0.0025,0.0,0.00000000
Gamestop,GAMESTOP,1,0.0,0.0,0.0,0.0,0.01275968
Pepe Killer,PEPEKiller,1,1.0,0.0,0.0009,0.02,0.14936486
Carrottoken,CARROT,1,1.0,0.0,,0.0,0.00000000
Gays Inu ,LGBTQ,1,0.0,0.0,0.7182,0.0,0.00081257
PEEPEE,PEEPEE,1,0.0,1.0,0.0298,0.03,50.26542816
TOK COIN,TOK,0,,,,0.0,0.00000000
MuratiAI,MURATIAI,1,0.0,0.0,0.0,0.06,0.00000000
Antspace,ANT,1,1.0,0.0,,0.0,0.00000000
DevOps,$DEV,1,1.0,0.0,,0.0,2.25038885
Squidward,SQUID,1,0.0,0.0,0.0,0.0,0.02366069
LOL coin,LOL,1,1.0,0.0,0.0,0.0,0.05806138
Gordon Ramsay,GORDON,1,0.0,0.0,0.0,0.0,0.01338996
 KSUM ,NOLE,1,0.0,0.0,1.0,0.0,0.14805597
Pineapple Under The Sea,PINEAPPLE,1,0.0,0.0,0.0,0.0,0.02041197
CashCrest,CASH,1,1.0,0.0,0.0,0.0,0.31983000
Bobble Network,BOBBLE,1,1.0,0.0,0.0,0.0,0.00038295
HydraDX,HDX,0,1.0,,,0.0,0.00000000
Doggy Elon,DELON,1,1.0,0.0,0.0,0.0,0.13083916
PEPE THE KING,PEPEK,1,0.0,0.0,0.0,0.0,0.03848993
GKL,GKL,1,0.0,0.0,0.0,0.0,0.05739067
Decorado,DECO,1,1.0,0.0,0.0,0.0,0.31918000
Pee Pee,PeePee,1,0.0,1.0,0.8708,0.065,0.00271414
Pepe GPT,PepeGPT,1,0.0,0.0,0.0,0.0,53525.39254286
Elon Musk,$EM,1,0.0,0.0,0.8481,0.06,0.41904126
PEPELOVE,PPL,1,1.0,0.0,,0.0,0.00000000
KeplerHomes,KEPL,1,1.0,0.0,,0.0,0.00000000
NEKO CHAIN,NEKO,1,1.0,0.0,0.0004,0.04,0.02966849
PolySwarm,NCT,1,1.0,0.0,,0.0,0.00000000
Tehter Pepe,TEHPEPE,1,0.0,0.0,,0.09,0.00000000
WorldCoin,WDC,1,1.0,0.0,0.0,0.0,0.00011946
CentralAI,CentralAI,1,1.0,0.0,,0.0,0.00000000
PATPEPE,PATPEPE,0,,,,0.0,0.09026024
Pepe AI,PepeAI,1,1.0,0.0,0.0,0.0,0.02435848
Pinkinu,PINKINU,1,1.0,0.0,0.0,0.005,0.00209556
WAGMI,WAGMI,1,0.0,0.0,0.3546,0.23,20.93021877
Gary,GARY,1,0.0,0.0,0.0,0.0,0.02533226
Love Bull,LOVEBULL,1,0.0,0.0,0.865,0.0,0.00204159
OPENLEVERAGE,OLE,1,1.0,0.0,,0.0,0.00000000
Pandora,PANDORA,1,0.0,0.0,0.0,0.0,0.00002639
CashFlow Meta,CASH,1,1.0,0.0,0.0,0.0,0.00000000
Ducker,DUCKER,1,1.0,0.0,0.0,0.0,0.14390790
ATM88,ATM88,1,0.0,0.0,,0.02,3433.73870045
Majo,MAJO,1,1.0,0.0,0.0,0.0,0.04884632
DropArb,DROP,1,1.0,0.0,0.0,0.0,0.12202178
Morphex,MPX,1,1.0,0.0,,0.0,0.00000000
Pepe WAGMI,PWAGMI,1,1.0,0.0,0.0,0.0,0.24930898
Invisible Goblin,IGB,1,0.0,1.0,,0.0,0.00051251
GYEN,GYEN,1,1.0,0.0,,0.0,0.00000000
PING,PING,1,0.0,0.0,0.9503,0.1,0.83247676
LEONARD,LEN,1,0.0,0.0,0.0,0.0,0.00000000
Grow,GROW,1,1.0,0.0,0.0,0.001,0.00596739
Broccoli Token,BCT,1,1.0,0.0,0.0,0.005,0.00294927
Crypto Real Estate,CRE,0,,,,0.0,0.10623296
MasterRoshi,ROSHI,1,1.0,0.0,,0.0,0.00000000
SeascapeCrowns,UNQ,1,1.0,0.0,,0.0,0.00000000
CZ KILLER,KILLER,1,1.0,0.0,0.0,0.001,0.00296451
iXiRSwap,IXIR,1,1.0,0.0,,0.0,0.00000000
SERTO,SERTO,1,0.0,0.0,0.0,0.0,0.04731831
IBN,IBN,1,0.0,0.0,0.0,0.0,0.04333350
PeachTree,PEACH TREE,1,0.0,0.0,0.0,0.0,0.01278579
AIDOGE,AIDOGE,1,1.0,0.0,,0.0,0.13708837
Fossa Coin,FOSSA,1,1.0,0.0,0.0,0.001,0.00369737
Shanghai Inu,SHANG,1,1.0,0.0,0.0,0.0,0.12087491
Snicker,SNICK,1,0.0,0.0,0.0,0.0,0.00000000
PEPEHype,PEPEHype,1,0.0,0.0,1.0,0.09,0.11396592
BOG,BOG,1,0.0,0.0,0.0,0.0,0.11570483
Timmy Turner,TIMMY,1,0.0,0.0,0.0,0.0,0.33956771
Princess Peach,PEACH,1,0.0,0.0,0.0,0.0,0.01434518
Pepe Original Version,POV,1,1.0,0.0,0.0,0.001,0.00383650
PhoenixRising,PHR,1,1.0,0.0,0.0,0.0,0.00000000
Esco Coin Ceo,ESCOCEO,1,0.0,0.0,0.0,0.0,0.00000000
Pepe Johns,PEPEJOHNS,1,0.0,0.0,0.0,0.1019,0.00000000
Aped,APED,1,1.0,0.0,,,0.00000000
We Need More Balenciaga,BALENCIAGA,1,0.0,0.0,0.0,0.0,0.02533478
TWIT DEFI,TWITDEFI,0,,,0.9998,0.0003,1.89979929
Jenga,JENGA,1,0.0,0.0,0.0,0.0,0.00032258
HACHI „Éè„ÉÅÂÖ¨,HACHI,1,1.0,0.0,0.0,0.001,0.00348290
OptimismPEPE,OPEPE,1,1.0,0.0,,0.0,0.00000000
SPODMOON,SPOD,1,0.0,0.0,0.0,0.0,21.97955832
Pepe BNB Inu ,PEBNBINU,1,0.0,0.0,0.4584,0.1,0.97260526
Giggle,GIGG,1,0.0,0.0,0.0,0.0,0.00021274
Pepton,PEPTON,1,0.0,0.0,0.0,0.0,0.03341630
Pekachu,PEKACHU,1,1.0,0.0,0.0,0.001,0.00243712
BlueTick,BTICK,1,1.0,0.0,,0.0,0.00000000
Mule,MULE,1,1.0,0.0,0.0,0.001,0.00304360
LegalLEAF,LEAF,1,1.0,0.0,,0.0,0.00000000
Elon GPT,ELON GPT,1,0.0,0.0,0.0,0.0,0.02779876
pepe.ai,PEPEAI,1,1.0,0.0,0.0001,0.0,3.17501633
Captain Jack Sparrow,CaptainJACK,1,1.0,0.0,0.0,0.0,0.14155350
Miraverse AI,MIRA,1,1.0,0.0,0.0,0.001,0.00242491
PEPEToken,PEPE,1,0.0,0.0,0.0395,0.07,11.15758415
Eroverse,ERO,1,1.0,0.0,0.0,0.001,0.00317525
Pepe Monster,PEPEMON,1,0.0,0.0,0.0,0.0,0.02090837
Mint Mark Advisors,MINT,1,1.0,0.0,0.0,0.0,0.00000000
Roselle2,Roselle2,1,0.0,0.0,0.0101,0.01,0.17168952
WeNeedMoreBalenciaga,BALENCIAGA,1,0.0,0.0,0.0,0.0,0.00002810
AirSwap,AST,1,1.0,0.0,,0.0,0.00000000
aMONG us,aMONGus,1,0.0,0.0,0.0118,0.02,4.35390551
CCDS,CCDS,1,0.0,0.0,0.0,0.03,0.00010237
Vegeta Inu,Vinu,1,1.0,0.0,0.0,0.001,0.00285776
PSYOP,PSYOP,1,1.0,0.0,0.0,0.001,0.00263814
CZBULL INU,CZBULLINU,1,0.0,0.0,0.6493,0.0,0.00058372
George From Subway,GEORGE,1,0.0,0.0,0.0,0.0,0.01281408
Pepecon,PEPECON,1,0.0,0.0,0.0,0.0,0.01616148
Putin Gpt,PUTINAI,1,0.0,0.0,0.0,0.0,0.01301699
2BUTTONS BSC,2BUTTONS,1,1.0,0.0,0.0,0.001,0.00372884
FINSCHIA,FNSA,1,1.0,0.0,0.0,0.0,0.00000002
SFFL,SFFL,0,,,,0.0,0.00000000
PepeElon,PepeElon,1,0.0,0.0,0.9999,0.09,0.60122561
CLEARSIGHT,CLS,1,1.0,0.0,,0.0,0.00000000
2BUTTONS BSC,2BUTTONS,1,1.0,0.0,0.0,0.001,0.00284663
NEW FLOKI,NEWFLOKI,1,0.0,0.0,0.6146,0.0,0.00050639
X,X,1,0.0,0.0,,0.0,0.02417787
FutureCoin,FUTURE,1,1.0,0.0,,0.0,0.00000000
PEPE,PEPE,1,0.0,0.0,0.9998,0.02,0.15876009
Putin Gpt,PUTINAI,1,0.0,0.0,0.0,0.0,0.01525119
Pepelon X,PEPELONX,1,1.0,0.0,0.0,0.0,1.94803483
RSC COIN,RSC,1,1.0,0.0,0.0,0.001,0.00422387
Pepe Capybara,PEPECAPY,1,0.0,0.0,0.0026,0.0,0.00000000
LARRY COIN,LARRY,1,1.0,0.0,0.0,0.001,0.00252140
ChitCAT,ChitCAT,1,1.0,0.0,0.0,0.0,0.08049649
Pepe King,PEPEKING,1,1.0,0.0,0.0,0.0,0.02294595
LOYAL,LOYAL,1,1.0,0.0,0.0,0.0,1.60750515
PepeChain,$PPCHAIN,1,0.0,0.0,1.0,0.01,0.18439132
SEVEN KEYS,KEY,1,0.0,1.0,0.0,0.0,28.02063209
Tether Tulips,TULIP,1,1.0,0.0,0.0071,0.05,0.23486425
Quidd,QUIDD,1,1.0,0.0,,0.0,0.00000000
Homer,Simpson,1,1.0,0.0,0.0,0.0,5.06482966
Zetos Share,ZES,1,1.0,0.0,0.0,0.001,0.00296109
ElChapo,CHAPO,1,0.0,0.0,0.0002,0.07,0.00910238
TERMINALNETWORK,TERMINAL,1,0.0,0.0,0.9899,0.1,352.60448973
CamelotToken,GRAIL,1,1.0,0.0,0.0,0.0,1.25120000
OGPepe,OGPepe,1,1.0,0.0,0.007,0.02,1.63363796
ITcoin,ITcoin,1,1.0,0.0,0.0,0.001,0.00284302
PEPEFLOKI,PEPEF,1,1.0,0.0,0.0,0.005,0.00882574
Picture Finance,PICTURE,1,1.0,0.0,0.0,0.0,0.00000000
Big Bang Token,BBIG,1,0.0,0.0,,0.09,0.00000000
For Teh Culture,FTC,1,1.0,0.0,0.0,0.001,0.00461569
GeoLeaf,GLT,1,0.0,0.0,0.1009,0.1,2845.97685570
TRUST,TRUST,1,0.0,0.0,0.0,0.0,0.19255123
MasterCEO,MCEO,1,1.0,0.0,,0.0,0.00000000
PepeSwap,PepeSwap,0,,,,0.0,0.01050418
MongCoin,MONG,1,0.0,0.0,0.0,0.0,0.00245624
Smiley,SMILEY,1,1.0,0.0,0.0,0.001,0.00274798
Lottery,LOTTO,1,1.0,1.0,0.0498,0.05,826.51237362
POP Coin,POP,1,0.0,0.0,0.5257,0.0,0.00035158
BOOYAH,BUYA,1,0.0,0.0,0.04,0.0,12159.78475031
Stray Dog,STRAY,1,1.0,0.0,0.0,0.001,0.00226026
PEPEBIT,PEPEBIT,1,0.0,1.0,0.0,0.0,0.00000000
Elon Musk,ELON,1,0.0,1.0,0.0,0.0,0.00000000
Metamind,META,1,1.0,0.0,0.0,0.0,0.00000000
Pepe Worries,PepeWorries,1,1.0,0.0,0.0,0.0,0.07557366
Lays Chip,LAYS,1,0.0,0.0,0.0,0.0,0.01753103
Data Crest Financials,DATA,1,1.0,0.0,0.0,0.0,0.00000000
Pepton,PEPTON,1,0.0,0.0,0.0,0.0,0.01257280
Business development coin,BDC,1,0.0,0.0,0.0329,0.033,479.27556765
Oracle AI,ORCAI,1,1.0,0.0,0.0,0.005,0.00303632
Stash Invest,STAS,1,1.0,0.0,0.0,0.0,0.00000000
Pray For CZ,PRAYCZ,1,0.0,0.0,0.0026,0.0,0.00000000
PEPE AI,PEPEAI,1,0.0,0.0,0.0011,0.0,0.00000000
Dora,DORA,1,0.0,0.0,0.0,0.0,0.00004118
Quark Exch,QUAR,1,1.0,0.0,0.0,0.0,0.00000000
ProtectorRoge,PROGE,1,1.0,0.0,,0.0,0.00000000
Pepe Hulk,PEPEK,1,0.0,0.0,0.0,0.0,0.01304433
OrionProtocol,ORN,1,1.0,0.0,,0.0,0.00000000
SSDP,SSDP,0,,,,0.0,0.00000000
DeFiWall,FIWA,0,,,,0.12,0.03184800
PEPE FLOKI CEO,PEPEFLOKICEO,1,0.0,0.0,0.0,0.0,0.00000000
Prism Protocol,PRISM,1,1.0,0.0,0.0,0.0,0.05838599
Shark Tank,STK,1,1.0,0.0,0.0,0.001,0.00242241
RSC COIN,RSC,1,1.0,0.0,0.0,0.001,0.00243034
CEO AI,CEOAI,1,0.0,0.0,1.0,0.09,0.00234076
Generational Wealth,GEN,1,0.0,0.0,0.6585,0.0,0.00061150
Krusty Krabs Shares,KSHARES,1,0.0,0.0,0.0,0.0,0.02472919
SUIDOGE,SUIDOGE,1,0.0,0.0,0.9658,0.01,0.01454410
China King,CHINAKING,1,0.0,0.0,0.995,0.0,0.06315113
EGG,EGG,1,0.0,0.0,0.0,0.01,0.00195162
NarutoBOX,NarutoBOX,1,0.0,0.0,0.0,0.0,0.01266676
TimUrban,TimUrban,1,0.0,0.0,0.0,0.0,0.00383846
Pepe Burn,PEPEB,1,0.0,0.0,0.05,0.0,45992.56709759
Next Bridge Finance,NEXT,1,1.0,0.0,0.0,0.0,0.00000000
GMCash,GMC,1,1.0,0.0,,0.0,0.00000000
Sky Ceo,Sky Ceo,1,0.0,0.0,,0.09,0.00000000
Vicky,VICKY,1,0.0,0.0,0.0,0.0,0.01914299
AGICoin,AGI,1,1.0,0.0,0.0,0.0,1.06786611
AIPEPE,AIPEPE,1,0.0,0.0,0.9166,0.1,0.14509303
GreatApe,GREATAPE,1,1.0,0.0,,0.0,0.00000000
Findora,FRA,1,1.0,0.0,,0.0,0.00000000
The Simpsons Inu,SIMPSONSINU,1,0.0,0.0,0.0,0.0,0.00165834
Theodore,THEODORE,1,0.0,0.0,0.0,0.0,0.01281408
Blast Frontiers,BLAST,0,,,0.0044,0.05,0.27384224
YM,YMoney,1,0.0,0.0,0.9782,0.99,0.02687069
PEPEO,PEPEO,1,0.0,1.0,,0.0,0.00000000
DJ PEPE,DJPP,1,0.0,0.0,0.0074,0.06,0.39307829
MoneyTree,MONE,1,1.0,0.0,0.0,0.0,0.00000000
GuildofGuardians,GOG,1,1.0,0.0,,0.0,0.00000000
world,world,1,,,,,
Dolphin COIN BIT,DOLPHIN,0,,,,0.0,0.00000000
Cookie Monster,NOMNOM,1,0.0,0.0,0.0,0.0,0.01284168
Ooki,OOKI,1,1.0,0.0,,0.0,0.00000000
Infinitum,INF,1,1.0,0.0,0.0,0.0,0.00000000
Meow Meow,MEOW,1,1.0,0.0,0.0,0.001,0.00284488
Bitcoin Pizza,PIZZA,1,1.0,0.0,0.0,0.0,0.00293044
HodlZilla,HZL,1,1.0,0.0,0.0,0.001,0.00286279
Oli Capital,OLI ,1,1.0,0.0,0.0,0.0,0.00000000
Papi Pepe,PAPE,1,0.0,0.0,0.9454,0.08,0.53269272
CCQS,CCQS,1,0.0,0.0,0.9998,0.0134,0.00000000
RABBIT INU CHAIN,RBT CHAIN,1,0.0,0.0,1.0,0.08,0.02934944
WenTesla,WENTESLA,1,1.0,0.0,,0.0,0.00000000
Arbidrop,ARDP,1,1.0,0.0,,0.0,0.00000000
SHIT,SHIT,1,1.0,0.0,0.0,0.02,0.00000417
Mika,MIKA,1,0.0,0.0,0.0,0.0,0.29778698
MAVI,MAVI,1,0.0,0.0,0.0,0.0,14109.08382265
Hotel of Secrets,HOS,1,0.0,1.0,,0.0,0.00128240
Pepe Sui Ceo,PEPESUICEO,1,0.0,0.0,0.0,0.0,0.00002577
Cash Mongy,CMON,1,1.0,0.0,0.0,0.001,0.00347659
TrumpCoin,DTC,1,0.0,0.0,0.1,0.1,36195.86631621
Anti-Meme,ANTIMEME,0,1.0,,0.0,0.0,0.03616665
China Papa,CHINAPAPA,1,0.0,0.0,0.561,0.0,0.00040588
LazyAss Token,LAZY,0,,,0.0013,0.05,0.23730956
Dev Coin,DEV,1,1.0,0.0,0.0,0.0,0.05357607
IBS,IBS,1,0.0,0.0,0.0,0.0,0.56463701
Pepe the Ceo,pepiBNB,1,1.0,0.0,0.04,0.0,0.00056158
Michael From Walmart,MICHAEL,1,0.0,0.0,0.0,0.0,0.00002669
OGGY,OGGY,1,1.0,0.0,0.9876,0.1255,0.00000000
BNBJaguar,BNBJAGUAR,0,,,0.0031,0.05,0.11173171
JEBAL,JBL,1,1.0,0.0,0.0,0.0,0.65971801
AuroraPulse,AURP,1,1.0,0.0,0.0,0.0,0.00000000
Pepe CEO,Pepe CEO,0,,,,0.0,0.00000000
AICODE,AICODE,1,1.0,0.0,0.0,0.0,0.00197171
Zendora,ZDR,1,1.0,0.0,0.0,0.0,0.00000000
Rise Online World,RISE,1,0.0,0.0,0.0,0.0,0.00000000
AlphaChadToken,ACHAD,1,1.0,0.0,0.0,0.001,0.00304403
STAN,STAN,1,1.0,0.0,0.0,0.001,0.00325237
ElonTrumpCEO,ETCEO ,1,1.0,0.0,0.0,0.0,0.03067756
DollarPepe,DollarPepe,1,0.0,0.0,0.0021,0.0,0.00000000
Capo Hulk,CAPOHULK,1,0.0,0.0,0.0,0.0,0.00000000
Land Wolf,WOLF,1,1.0,0.0,0.0,0.0,0.02589650
CFC,CFC,1,0.0,1.0,0.0,0.0,0.54193009
SuiNetwork,SUI,0,,,,0.0,0.00172256
Reality VR,RVR,1,1.0,0.0,0.0,0.0,0.16470286
GalacticSpaceBucks,GSB,1,1.0,0.0,,0.0,0.00000000
Miraverse AI,MIRA,1,1.0,0.0,0.0001,0.001,0.31996702
Jeff Inu,JEFFI,1,0.0,0.0,0.0,0.0,0.01272408
 PayPal BitCoin , $PPBTC ,1,0.0,0.0,1.0,0.1,0.06950403
ExpertDoge,EDOGE,1,1.0,0.0,,0.0,0.00000000
TrueStream,TRUE,1,1.0,0.0,0.0,0.0,0.00000000
ArborFinancials,ARBO,1,1.0,0.0,0.0,0.0,0.00000000
Meta Rise,META RISE,1,0.0,0.0,0.0,0.0,0.02166890
Swell ETH,SWETH,1,1.0,0.0,0.0,0.0,0.65086762
XPepe,XPepe,1,0.0,0.0,,0.1,0.00000000
OGGY,OGGY,1,0.0,0.0,0.9878,0.1249,0.00000000
FlashNetwork,FLASH,0,1.0,,,0.0,0.00000000
Hydropia,HPIA,1,0.0,0.0,0.0,0.0,0.25585151
Observer,OBSR,1,1.0,0.0,,0.0,0.00000000
Pirate Coin V2,PirateCoin,1,1.0,0.0,0.0,0.0,0.44339084
BOBO,BOBO,1,1.0,0.0,,0.0,0.00000000
ZephyrFinance,ZEPH,1,1.0,0.0,0.0,0.0,0.63892000
$Fren,$Fren,1,1.0,0.0,0.0,0.0,0.64563981
Crazy Pepe,CRAZYPEPE,1,0.0,0.0,0.6166,0.0,0.00051235
Pablo Escodoge,ESCODOGE,1,1.0,0.0,0.0,0.005,0.00284057
NEG,NEG,1,0.0,0.0,0.0,0.0,0.03821558
GruInu,GRUINU,1,0.0,0.0,0.0,0.1,0.00043946
Turbo,TURBO,1,1.0,0.0,0.0,0.001,0.00169524
Hank Shrader,HANK,1,0.0,0.0,0.0,0.0,0.00055932
GIRL CEO,GIRLCEO,0,,,0.0853,0.12,3.12308403
Squid PEPE,Squid PEPE,1,0.0,0.0,,0.09,0.00000000
KakapoProtocol,KAKAPO,1,1.0,0.0,,0.0,0.00000000
Yo Mamma,YOMAMMA,1,0.0,0.0,0.0,0.0,0.01275968
PangeaRewardsToken,PRT,1,0.0,0.0,0.07,0.06,4258.46492060
DogeAffiliate,DOGAFF,1,1.0,0.0,0.0,0.0,0.03188207
Chain GPT,CGPT,1,0.0,0.0,0.0,0.0,0.00000000
Brisk Ecosystem,BECOSYSTEM,1,0.0,0.0,0.0002,0.06,0.01085838
MBGBToken,MBGB,0,,,0.0008,0.07,0.10220400
BabyCCDS,BCCDS,1,1.0,0.0,,0.0,0.00000000
PEPEDAO,PEPEDAO,1,0.0,0.0,0.9866,0.1333,0.00000000
Cat Zilla,CATZILLA,1,0.0,0.0,0.8388,0.0,0.00160481
Nodal Tokens,NODAL,1,1.0,0.0,0.0,0.0,0.00000000
Tesla Cars Elon,TECARELON,1,0.0,0.0,0.0,0.0,0.09693181
TOF,TOF,0,,,,0.0,0.27722700
RhinoFinance,RNF,1,1.0,0.0,,0.0,0.00000000
BabyTrusterCoin,BABYTRUSTERCOIN,1,1.0,0.0,,0.0,0.00000000
StableXSwap,COMBO,1,1.0,0.0,,0.0,0.00000000
DPT CLUB,DPT,1,0.0,1.0,0.682,0.065,16.69476006
TURO,TURO,0,,,,0.0,0.00000000
Apple MR World,AppleWorld,1,1.0,0.0,0.0,0.0,0.96386905
BPAY,BPAY,1,1.0,0.0,,0.0,0.00000000
PEPE,PEPE,1,0.0,0.0,0.6478,0.01,0.03525493
Raven Protocol,RAVEN,1,0.0,0.0,0.0,0.0,5739.16559136
SugarLand,SGRAI,1,1.0,0.0,0.0,0.0,0.79194656
Stuart INU,STUART,1,0.0,0.0,0.0003,0.07,0.00869425
Crypto Crossover,CRYP,1,1.0,0.0,0.0,0.0,0.00000000
TERMINATOR,TERMINATOR,1,0.0,0.0,0.0,0.0,0.05206938
SaninInu,WNK,1,1.0,0.0,,0.0,0.00000000
INEDIBLE,INEDIBLE,1,1.0,0.0,0.0,0.0,0.02742273
CryptHub Token,CRHT,1,1.0,0.0,0.0,0.001,0.00243260
MilkDragonInu,MilkDragonInu,0,,,,0.0,0.00000000
Golden Pepe Tech 2.0,GPT2,0,,,0.0,0.0,0.63540847
ApplePies.co,Pie,1,1.0,0.0,0.0,0.001,0.00143469
Floki Club,FLOKICLUB,1,0.0,0.0,0.6341,0.0,0.00053286
LiquityUSD,LUSD,1,1.0,0.0,,0.0,0.00000000
PHILOSORAPTOR,VELOCI,1,1.0,0.0,0.0,0.001,0.01014164
Imperium,IMPRM,1,1.0,0.0,,0.0,0.00000000
The Dare,TDE,1,1.0,0.0,0.0,0.001,0.00250648
WAGMI,WAGMI,1,1.0,0.0,0.0,0.001,0.00347777
Pikachu Inu,PIKACHU,1,1.0,0.0,0.0,0.001,0.00231459
WealthMuse,WEMUSE,1,1.0,0.0,0.0,0.0,0.00000000
Prom,PROM,1,1.0,0.0,,0.0,0.00000000
Cofounders Hub,COFO,1,1.0,0.0,0.0,0.0,0.00000000
Larry The Lobster,LARRY,1,0.0,0.0,0.0,0.0,0.01272008
Pepe Mom's,MOPE,1,0.0,0.0,0.0097,0.1,0.27676355
Meow Meow,MEOW,1,1.0,0.0,0.0,0.001,0.00285170
WALLSTREETBABY,WSB,1,1.0,0.0,,0.0,0.00000000
SantaGate,SAGA,1,1.0,0.0,,0.0,0.00000000
Pepe Kek,PEPEKEK,1,0.0,0.0,0.5003,0.0,0.00000000
HinaInu,HINA,1,1.0,0.0,,0.0,0.00000000
QJ,QJ,1,0.0,0.0,1.0,0.02,0.10652660
Dora,DORA,1,0.0,0.0,0.0,0.0,0.26511045
Pippa,PIPPA,1,0.0,0.0,0.0,0.0,0.01400440
Haddies Bay Club,HBAY,1,1.0,0.0,0.0,0.001,0.00327483
ü¶ç King Kong Inu,ü¶ç KING KONG INU,1,0.0,0.0,0.0,0.0,0.00059902
TheSimpsons,SIMPSONS,1,1.0,0.0,,0.0,0.00000000
Pepe Dollar,PEPDOL,1,0.0,0.0,,0.09,0.00000000
PepeLedger,PEPELEDGER,1,1.0,0.0,0.0,0.0,0.04037798
DORf,DORf,0,,,,,0.00000000
FREE HASBULLA,FREEHASBULLA,1,0.0,0.0,0.0,0.0,0.00000000
DarkEnergyCrystals,DEC,1,0.0,1.0,0.0,0.0,114228.78638847
Lottery,LOTTO,1,0.0,0.0,0.0,0.0,0.02064530
Habibi,HB,1,1.0,0.0,0.0,0.0,1.72043681
EnigmaGaming,ENG,1,1.0,0.0,,0.0,0.00000000
Conflateprotocol,CNF,1,1.0,0.0,,0.0,0.00000000
NEWPEPE,NEWPEPE,1,0.0,0.0,,0.0,0.00040151
BlackPool,BPT,1,1.0,0.0,,0.0,0.00000000
PepeShiba,PepeShiba,0,,,,0.0,0.00000000
UntieB,UntieB,0,,,,,0.17491904
Please Rug Me,RUGME,1,0.0,0.0,0.0,0.0,0.00385558
HAR,HAR,1,0.0,0.0,0.0,0.0,0.34409554
SecurInvest,INVEST,1,0.0,0.0,0.0111,0.1,0.32040336
LindaYaccCEO,LindaCEO,1,1.0,0.0,0.0,0.0,0.22038180
Teehee,TEEHEE,1,0.0,0.0,0.0,0.0,0.01272848
KishuInu,KISHU,1,1.0,0.0,,0.0,0.00000000
JEET ELON ,JEETELON,1,0.0,0.0,0.868,0.0,0.00208638
Nimiq,NIM,1,1.0,0.0,,0.0,0.00000000
Pump Coin,PUMPCOIN,1,0.0,0.0,0.9868,0.0,0.02385228
SafeGrow,SFG,1,1.0,0.0,,0.0,0.00000000
Walter Jr,WALTERJR,1,0.0,0.0,0.0,0.0,0.02253167
MongCoin,MONG,1,0.0,0.0,0.0,0.0,0.18298999
SHIBPEPE,shibpepe,1,1.0,0.0,0.0,0.05,0.00000000
BurnPEPE,BurnPEPE,0,,,0.0,0.0,0.00180841
Lion King,LION KING,1,0.0,0.0,0.0,0.0,0.19453637
BNBPepe,BNBPepe,1,1.0,0.0,0.0,0.0,0.00031941
rPEPE,rPEPE,1,0.0,0.0,0.0,0.0,0.00423674
AIFAMNetwork,AIFAM,1,1.0,0.0,,0.0,0.00000000
Gordon Ramsay,GORDON,1,0.0,0.0,0.0,0.0,0.01271168
CHEESED,CHEESED,1,1.0,0.0,0.0,0.001,0.00316397
Diamond Pepe,PEPED,0,,,0.0,0.0,0.56592724
HypeInvestments,HYPE,1,1.0,0.0,0.0,0.0,0.00000000
TweetyCoin,TWEETY,1,1.0,0.0,,0.0,0.00000000
Fidu,FIDU,1,1.0,0.0,,0.0,0.00000000
Bitcoin,BTC,1,1.0,0.0,,0.0,0.00000000
Saves Crypto,Crypt,1,0.0,0.0,0.0,0.0,0.17847571
Transformers,TFRM,1,1.0,0.0,0.0,0.005,0.00209375
BeLikeBill,BILL,1,1.0,0.0,,0.0,0.00000000
Metamind,META,1,1.0,0.0,0.0,0.0,0.00000000
AITIP,AITIP,1,0.0,1.0,0.999,0.1,0.00353922
Ethical Invest,ETHI,1,1.0,0.0,0.0,0.0,0.00000000
AetonaCoin,ATNC,1,0.0,0.0,,0.0,0.00000000
Pepe Bsc,PEPEBSC,1,0.0,0.0,0.0,0.0,0.00000000
Snowmantastic,SNOWMANTASTIC,1,0.0,0.0,0.08,0.08,5036.15708194
Ben Dog Inu,BENDOG,1,0.0,0.0,,0.09,0.00000000
Cortex,CTXC,1,1.0,0.0,,0.0,0.00000000
Rocky Pepe,ROCKYPEPE,1,0.0,0.0,0.0027,0.0,0.00000000
LindaCeo,LINDACEO,1,0.0,0.0,0.0,0.0,0.00000000
Stagius,STAG,1,1.0,0.0,0.0,0.0,0.00000000
FBX,FBX,1,0.0,0.0,0.0,0.0,1450.86588576
Metagility,META,1,1.0,0.0,0.0,0.0,0.32010000
YoCoin,YOCO,1,1.0,0.0,,0.0,0.00000000
Shut up and take my Money,SUATMM,1,0.0,0.0,0.9415,0.05,0.01047780
MOON,MOON,1,1.0,0.0,0.0,0.001,0.00245522
Dr.Octopus,Octopus,1,1.0,0.0,0.0,0.0,0.04513838
LOLzilla,LOLZ,1,1.0,0.0,0.0,0.0,0.00000000
MicroPepe,MPEPE,1,1.0,0.0,,0.0,0.00000000
MONA,MONA,1,1.0,0.0,0.0,0.001,0.00242210
ArbMoon,ArbMoon,1,0.0,0.0,1.0,0.09,0.00051302
LADY ANGRY BIRD,LADYBIRD,1,0.0,0.0,0.0402,0.0,367.07943675
OXBT,OXBT,1,0.0,0.0,,0.0,1.98021920
Green Whale Challenge,GWC,1,1.0,0.0,0.0,0.001,0.00361999
SUPER MARIO,SUPERMARIO,1,0.0,0.0,0.0062,0.0,0.00000201
PLAYA3ULL GAMES,3ULL,1,1.0,0.0,0.0,0.0,1.19406185
Miraverse AI,MIRA,1,1.0,0.0,0.0,0.001,0.00290078
Harry From Target,HARRY,1,0.0,0.0,0.0,0.0,0.00075869
PEPE inu,pepeinu,1,1.0,0.0,0.0,0.0,0.75961260
Safubase,SAFUBASE,1,1.0,0.0,0.0,0.001,0.00293387
MOONGAME,MOONGAME,1,1.0,0.0,,0.0,0.00000000
ClearWater,CLEA,1,1.0,0.0,0.0,0.0,0.63582000
Spank,SPANK,1,1.0,0.0,0.0,0.001,0.00411489
MongBNB,MONGBNB,1,1.0,0.0,0.0,0.001,0.00458001
Bubble Guppies,GUPPIES,1,0.0,0.0,0.0,0.0,0.01281408
Monkeys Ceo,MONKEYSCEO,1,0.0,0.0,0.0,0.0,0.00000000
WiseHarbor,WISE,1,1.0,0.0,0.0,0.0,0.00000000
Billie Eilish,BILLIE,1,0.0,0.0,0.0,0.0,0.00000000
Tiger Pump,PUMP,1,0.0,0.0,,0.09,0.00000000
El Jefe Pepe,JEFE,1,0.0,0.0,0.0401,0.04,2541.97591614
Fonzy,FONZY,1,1.0,0.0,0.0,0.0,0.02694860
AIDOGE Stellar,AIDOGEXLM,1,1.0,0.0,0.0,0.0,1.95018637
EOSForce,EOSC,1,1.0,0.0,0.0,0.0,0.05074641
WaveNetwork,WAVE,1,0.0,0.0,0.0414,0.4,0.02069012
Oggy Inu,OGGY,1,0.0,0.0,0.0,0.0,0.00000000
FIST,FIST,1,0.0,0.0,0.0101,0.01,0.34087227
Snow Pepe,$SNOWPEPE,1,0.0,0.0,0.0717,0.07,3.03530540
Flip Game,FLIPS,1,0.0,0.0,0.0,0.0,0.01122401
Homer Simpson,HOMER,1,1.0,0.0,0.0001,0.001,0.47664123
SUI AI,SUIAI,1,1.0,0.0,0.0,0.0,0.06068580
Global Fan Token,GLFT,1,1.0,0.0,0.0,0.0,0.67502088
Yuan,YUAN,1,1.0,0.0,0.0,0.0,0.00000000
el Jefe,JEFE,1,1.0,0.0,0.0,0.001,0.00338790
HokkaidoInu,HOKA,1,1.0,0.0,,0.0,0.00000000
Metamind,META,0,1.0,,0.0,0.0,0.00000000
PEPE DOGE CEO,PEPEDC,1,1.0,0.0,0.0,0.0,0.23139698
PepeNator,PEPENATOR,1,1.0,0.0,0.0002,0.001,0.96097133
CyberPet,CPG,1,1.0,0.0,,0.0,0.00000000
Bullish Pepe 2.0,BP2,0,,,0.0,0.0,0.20448615
PHILOSORAPTOR,VELOCI,1,1.0,0.0,0.0,0.001,0.00243734
Vida Meta,VID,1,1.0,0.0,0.0,0.0,0.00000000
Scooby,SCOOBY,1,0.0,0.0,0.0,0.0,0.01403505
Goku AI,GOKUAI,1,1.0,0.0,0.0,0.0,0.45608127
Pepe Trump,PEPETRUMP,1,1.0,0.0,0.01,0.01,0.48149330
ChitCat,CHITCAT,1,0.0,0.0,0.0,0.0,0.00081576
PEPEFLOKI,PEPEF,1,1.0,,0.0,0.0,5.04228766
Pepe Frenzy,PepeF,1,0.0,0.0,,0.1,0.00000000
FTC,FTC,0,,,0.0,0.06,0.00642269
Theodore,THEODORE,1,0.0,0.0,0.0,0.0,0.01280168
DGS,DGS,1,0.0,0.0,0.0,0.0,0.02928627
MetarobotWarrior,MRTW,1,1.0,0.0,,0.0,0.00000000
MetFi,METFI,1,1.0,0.0,,0.0,0.00000000
Bojack Inu,BOJACK INU,1,0.0,0.0,0.0,0.0,0.10160837
Monga,MONGA,1,0.0,0.0,0.0,0.0,0.01646707
